d,delta_min,seed,lambda_min_analytic,lambda_min_fd,T_esc,zeta_eff,T_esc_pred
3,0.001,0,-0.0011276510759797237,4.82808779622701e-07,499,0.00046341769281245767,574017.0075493038
3,0.001,1,-0.0006994448022362354,4.82808779622701e-07,499,0.00034643789298864717,967029.0165089412
3,0.001,2,-0.0028689027093681554,4.82808779622701e-07,499,8.758797626580261e-05,283693.6225051991
3,0.001,3,-0.00022779095361038983,4.82808779622701e-07,499,0.0008733046438122185,2563426.336357046
3,0.001,4,-0.0029266284182351394,4.82808779622701e-07,499,0.0005656663894322456,214360.43018257862
3,0.0031622776601683794,0,-0.04449236111336827,-2.7613274724558323e-06,499,0.0005425600435859593,14193.984847950956
3,0.0031622776601683794,1,-0.04449236111336827,-2.7613274724558323e-06,499,0.0004392148568676297,14668.920402477968
3,0.0031622776601683794,2,-0.04449236111336827,-2.7613274724558323e-06,499,0.0005554716366546441,14141.124560591918
3,0.0031622776601683794,3,-0.04449236111336827,-2.7613274724558323e-06,499,0.0009351055438849006,12970.492473652961
3,0.0031622776601683794,4,-0.04449236111336827,-2.7613274724558323e-06,499,0.0008573010829735805,13165.739979029368
3,0.01,0,-0.14090441220666808,-4.607862308603223e-06,499,0.0005425600435859593,4481.931329208055
3,0.01,1,-0.14090441220666808,-4.607862308603223e-06,499,0.0004392148568676297,4631.898273937934
3,0.01,2,-0.14090441220666808,-4.607862308603223e-06,499,0.0005554716366546441,4465.240020845864
3,0.01,3,-0.14090441220666808,-4.607862308603223e-06,499,0.0009351055438849006,4095.5980435130973
3,0.01,4,-0.14090441220666808,-4.607862308603223e-06,499,0.0008573010829735805,4157.249927791568
3,0.03162277660168379,0,-0.4476606293269444,-2.27682708882071e-05,499,0.0005425600435859593,1410.720215539626
3,0.03162277660168379,1,-0.4476606293269444,-2.27682708882071e-05,499,0.0004392148568676297,1457.9233931551423
3,0.03162277660168379,2,-0.4476606293269444,-2.27682708882071e-05,499,0.0005554716366546441,1405.4665058326302
3,0.03162277660168379,3,-0.4476606293269444,-2.27682708882071e-05,499,0.0009351055438849006,1289.11902711579
3,0.03162277660168379,4,-0.4476606293269444,-2.27682708882071e-05,499,0.0008573010829735805,1308.5244024081233
3,0.1,0,-1.4367532102722826,-1.7347584542193317e-05,499,0.0005425600435859593,439.54932202520007
3,0.1,1,-1.4367532102722826,-1.7347584542193317e-05,499,0.0004392148568676297,454.2567916494294
3,0.1,2,-1.4367532102722826,-1.7347584542193317e-05,499,0.0005554716366546441,437.9123818903741
3,0.1,3,-1.4367532102722826,-1.7347584542193317e-05,499,0.0009351055438849006,401.6610722217405
3,0.1,4,-1.4367532102722826,-1.7347584542193317e-05,499,0.0008573010829735805,407.70735940146085
4,0.001,0,-0.014063176910509418,2.033937860801416e-06,499,0.0005622875292409671,44652.24647794386
4,0.001,1,-0.014063176910509418,2.033937860801416e-06,499,0.00012431339614548477,55383.87263277092
4,0.001,2,-0.014063176910509418,2.033937860801416e-06,499,0.00036085605977875053,47806.115531181735
4,0.001,3,-0.014063176910509418,2.033937860801416e-06,499,0.0004950519314243816,45557.80763744937
4,0.001,4,-0.014063176910509418,2.033937860801416e-06,499,0.0008166669991498506,41998.37895256588
4,0.0031622776601683794,0,-0.04462131533764527,-1.71100667500923e-06,499,0.0005622875292409671,14072.925392703888
4,0.0031622776601683794,1,-0.04462131533764527,-1.71100667500923e-06,499,0.00012431339614548477,17455.18241517801
4,0.0031622776601683794,2,-0.04462131533764527,-1.71100667500923e-06,499,0.00036085605977875053,15066.921605335609
4,0.0031622776601683794,3,-0.04462131533764527,-1.71100667500923e-06,499,0.0004950519314243816,14358.328606236411
4,0.0031622776601683794,4,-0.04462131533764527,-1.71100667500923e-06,499,0.0008166669991498506,13236.513282840346
4,0.01,0,-0.14134820883572569,-1.8295913033483657e-05,499,0.0005622875292409671,4442.592140667303
4,0.01,1,-0.14134820883572569,-1.8295913033483657e-05,499,0.00012431339614548477,5510.315307419153
4,0.01,2,-0.14134820883572569,-1.8295913036023624e-05,499,0.00036085605977875053,4756.380471015461
4,0.01,3,-0.14134820883572569,-1.8295913063785536e-05,499,0.0004950519314243816,4532.689262479527
4,0.01,4,-0.14134820883572569,-1.8295913033483657e-05,499,0.0008166669991498506,4178.55053155274
4,0.03162277660168379,0,-0.4494273902956718,-6.61363540004345e-05,499,0.0005622875292409671,1397.2277952571487
4,0.03162277660168379,1,-0.4494273902956718,-0.0345554723443244,499,0.00012431339614548477,1733.0345582884233
4,0.03162277660168379,2,-0.4494273902956718,-6.61363540004345e-05,499,0.00036085605977875053,1495.916525419068
4,0.03162277660168379,3,-0.4494273902956718,-6.61363540004345e-05,499,0.0004950519314243816,1425.5640005361233
4,0.03162277660168379,4,-0.4494273902956718,-6.61363540004345e-05,499,0.0008166669991498506,1314.1847735982042
4,0.1,0,-1.4460797119113376,-8.673620635590851e-05,499,0.0005622875292409671,434.2446937734901
4,0.1,1,-1.4460797119113376,-0.5086238213787446,499,0.00012431339614548477,538.6101418948148
4,0.1,2,-1.4460797119113376,-8.673620635590851e-05,499,0.00036085605977875053,464.9161830993735
4,0.1,3,-1.4460797119113376,-0.2609598683690315,499,0.0004950519314243816,443.0513084327744
4,0.1,4,-1.4460797119113376,-8.673620635590851e-05,499,0.0008166669991498506,408.4357371862237
5,0.001,0,-0.01410282041159101,3.5998883873844534e-08,499,0.0002257763004865334,50996.84216007751
5,0.001,1,-0.01410282041159101,3.5998883873844534e-08,499,0.00016082968616578223,53402.02582657956
5,0.001,2,-0.01410282041159101,3.5998883873844534e-08,499,0.00021987182103137698,51184.74743409834
5,0.001,3,-0.01410282041159101,3.5998883873844534e-08,499,0.0013938126723559382,38089.82455958317
5,0.001,4,-0.01410282041159101,3.5998883873844534e-08,499,0.00047834067865825715,45673.23677224635
5,0.0031622776601683794,0,-0.016754298882939063,-1.3383121273413678e-06,499,0.0005622875292409671,37480.07875820102
5,0.0031622776601683794,1,-0.016754298882939063,-1.338312095811034e-06,499,0.00012431339614548477,46487.96134447061
5,0.0031622776601683794,2,-0.016754298882939063,-1.3383121526544913e-06,499,0.00036085605977875053,40127.36461350054
5,0.0031622776601683794,3,-0.016754298882939063,-1.3383121526544913e-06,499,0.0004950519314243816,38240.18617173059
5,0.0031622776601683794,4,-0.016754298882939063,-1.3383121521236274e-06,499,0.0008166669991498506,35252.48279807098
5,0.01,0,-0.053121045948230826,1.3552499470782017e-07,499,0.0005622875292409671,11821.161094662317
5,0.01,1,-0.053121045948230826,1.35524967248557e-07,499,0.00012431339614548477,14662.233864574695
5,0.01,2,-0.053121045948230826,1.355249734822189e-07,499,0.00036085605977875053,12656.111116005832
5,0.01,3,-0.053121045948230826,1.3552498323576856e-07,499,0.0004950519314243816,12060.897842350287
5,0.01,4,-0.053121045948230826,1.3552496690681648e-07,499,0.0008166669991498506,11118.580642033083
5,0.03162277660168379,0,-0.1693854684915989,4.228388443666935e-05,499,0.0005622875292409671,3707.2391584886186
5,0.03162277660168379,1,-0.1693854684915989,4.228388441340769e-05,499,0.00012431339614548477,4598.229150113952
5,0.03162277660168379,2,-0.1693854684915989,4.228388441605115e-05,499,0.00036085605977875053,3969.088175663695
5,0.03162277660168379,3,-0.1693854684915989,4.228388441340769e-05,499,0.0004950519314243816,3782.4230978360697
5,0.03162277660168379,4,-0.1693854684915989,4.228388441340769e-05,499,0.0008166669991498506,3486.902615815848
5,0.1,0,-0.5499520976623148,6.938861833738486e-05,499,0.0005622875292409671,1141.831160096011
5,0.1,1,-0.5499520976623148,6.938861833738486e-05,499,0.00012431339614548477,1416.2564378507514
5,0.1,2,-0.5499520976623148,-0.08269921433036131,499,0.00036085605977875053,1222.4807632829038
5,0.1,3,-0.5499520976623148,-0.04788397083994603,499,0.0004950519314243816,1164.9878438209118
5,0.1,4,-0.5499520976623148,6.938861833738486e-05,499,0.0008166669991498506,1073.9674158443017
8,0.001,0,-0.005293778339225931,7.252719642735446e-07,499,0.000601706612229391,117340.91199471326
8,0.001,1,-0.005293778339225931,7.252719099139521e-07,499,0.0014078781703965632,101283.02327359986
8,0.001,2,-0.005293778339225931,7.252719528270425e-07,499,0.0003492909319448574,127614.57185985311
8,0.001,3,-0.005293778339225931,7.252719178238421e-07,499,0.00047439701617326964,121831.56872796101
8,0.001,4,-0.005293778339225931,7.252719795660681e-07,499,3.826044412258189e-05,169389.81209764216
8,0.0031622776601683794,0,-0.041982762271104215,-9.961108178716968e-06,499,0.00019686123586912154,17457.25689086593
8,0.0031622776601683794,1,-0.041982762271104215,-9.961108109468597e-06,499,0.0015289851345959443,12574.632979056947
8,0.0031622776601683794,2,-0.041982762271104215,-9.961108051970756e-06,499,0.0007953991839620702,14131.2608458239
8,0.0031622776601683794,3,-0.041982762271104215,-9.961108085624316e-06,499,0.0004244488272880467,15627.238296017384
8,0.0031622776601683794,4,-0.041982762271104215,-9.961108112033006e-06,499,0.000805497996027797,14101.208969187495
8,0.01,0,-0.13302850078172074,-4.2419411709460064e-05,499,0.00019686123586912154,5509.374770429102
8,0.01,1,-0.13302850078172074,-4.2419411709460064e-05,499,0.0015289851345959443,3968.456563096705
8,0.01,2,-0.13302850078172074,-4.2419411709460064e-05,499,0.0007953991839620702,4459.716235204751
8,0.01,3,-0.13302850078172074,-4.2419411709460064e-05,499,0.0004244488272880467,4931.835106614566
8,0.01,4,-0.13302850078172074,-4.2419411709460064e-05,499,0.0008166669991498506,4450.2320962028625
8,0.03162277660168379,0,-0.42336247778227676,-4.553649636198759e-05,499,0.00019686123586912154,1731.1497934205963
8,0.03162277660168379,1,-0.42336247778227676,-0.010358396806374112,499,0.0015289851345959443,1246.9641376145476
8,0.03162277660168379,2,-0.42336247778227676,-0.0741560934447294,499,0.0007953991839620702,1401.3272215075456
8,0.03162277660168379,3,-0.42336247778227676,-4.5536496400188084e-05,499,0.0004244488272880467,1549.675903666158
8,0.03162277660168379,4,-0.42336247778227676,-4.5536496444317356e-05,499,0.000805497996027797,1398.347125587766
8,0.1,0,-1.366196446426897,-0.39839231291199195,499,0.00019686123586912154,536.4556963031428
8,0.1,1,-1.366196446426897,-0.4535103481717364,499,0.0015289851345959443,386.4142879209157
8,0.1,2,-1.366196446426897,-0.5195440747944389,499,0.0007953991839620702,434.24894438336753
8,0.1,3,-1.366196446426897,-0.2340734415663217,499,0.0004244488272880467,480.2198337226455
8,0.1,4,-1.366196446426897,-0.41609193688303314,499,0.000805497996027797,433.325460212459